station_id,station_name,timestamp,ph,temperature,dissolved_oxygen,turbidity,tds,conductivity,bod,cod
1,Haridwar,2026-07-21 16:01:49,7.4,20.72,8.45,10.17,120.02,184.61,1.78,4.9
1,Haridwar,2026-07-21 22:01:49,7.61,18.45,8.06,8.64,180.5,274.18,2.09,4.99
1,Haridwar,2026-07-22 04:01:49,7.5,27.55,9.05,8.64,187.57,288.04,2.02,3.47
1,Haridwar,2026-07-22 10:01:49,7.36,18.36,8.79,10.84,108.93,176.37,1.13,4.6
1,Haridwar,2026-07-22 16:01:49,7.42,18.16,8.07,11.87,156.26,239.05,1.03,4.17
1,Haridwar,2026-07-22 22:01:49,7.37,19.28,8.94,5.65,141.76,219.69,1.15,6.87
1,Haridwar,2026-07-23 04:01:49,7.85,27.19,8.33,12.58,190.39,298.41,1.37,6.24
1,Haridwar,2026-07-23 10:01:49,7.75,23.94,8.41,5.05,101.2,154.2,1.61,6.46
1,Haridwar,2026-07-23 16:01:49,7.42,27.85,8.68,9.14,193.03,295.53,1.73,6.34
1,Haridwar,2026-07-23 22:01:49,7.82,19.67,9.35,13.5,132.11,196.42,2.14,7.11
1,Haridwar,2026-07-24 04:01:49,7.45,24.27,9.46,4.27,152.84,241.83,2.1,4.86
1,Haridwar,2026-07-24 10:01:49,7.65,23.17,9.28,4.4,171.18,272.88,1.92,6.05
1,Haridwar,2026-07-24 16:01:49,7.36,25.21,9.26,12.86,185.73,289.36,2.01,7.27
1,Haridwar,2026-07-24 22:01:49,7.62,26.96,8.56,4.59,193.8,294.16,1.22,3.43
1,Haridwar,2026-07-25 04:01:49,7.5,24.68,9.28,4.36,104.21,159.15,1.77,3.7
1,Haridwar,2026-07-25 10:01:49,7.66,22.04,8.72,11.02,120.33,192.74,1.05,3.54
1,Haridwar,2026-07-25 16:01:49,7.65,21.6,8.98,10.8,179.04,279.97,1.34,4.93
1,Haridwar,2026-07-25 22:01:49,7.77,26.05,9.01,13.33,119.23,177.08,1.15,6.7
1,Haridwar,2026-07-26 04:01:49,7.77,21.51,8.26,6.02,194.56,306.51,2.03,6.56
1,Haridwar,2026-07-26 10:01:49,7.31,18.27,9.21,12.13,151.43,230.74,1.99,4.74
1,Haridwar,2026-07-26 16:01:49,7.33,23.07,8.71,8.62,192.33,308.75,1.66,4.5
1,Haridwar,2026-07-26 22:01:49,7.53,21.69,9.39,13.83,179.08,277.32,1.13,6.01
1,Haridwar,2026-07-27 04:01:49,7.88,27.68,8.58,7.78,124.61,194.16,2.04,6.57
1,Haridwar,2026-07-27 10:01:49,7.55,19.46,8.59,4.99,121.91,190.92,1.96,3.37
1,Haridwar,2026-07-27 16:01:49,7.74,24.4,9.46,6.54,140.48,211.27,1.68,7.88
1,Haridwar,2026-07-27 22:01:49,7.49,21.9,8.96,8.27,186.2,294.63,2.0,4.49
1,Haridwar,2026-07-28 04:01:49,7.79,18.8,9.09,13.92,166.12,255.02,1.84,3.49
1,Haridwar,2026-07-28 10:01:49,7.46,28.47,8.61,8.23,187.98,289.89,1.95,4.86
1,Haridwar,2026-07-28 16:01:49,7.84,23.25,8.05,12.1,169.16,265.11,1.1,3.28
1,Haridwar,2026-07-28 22:01:49,7.41,25.98,9.37,6.94,101.04,150.96,2.14,3.13
1,Haridwar,2026-07-29 04:01:49,7.6,19.29,8.42,10.46,150.34,239.17,1.82,5.02
1,Haridwar,2026-07-29 10:01:49,7.47,25.99,8.85,3.38,110.85,182.63,1.82,3.65
1,Haridwar,2026-07-29 16:01:49,7.58,19.9,8.73,6.83,146.15,235.33,1.9,7.88
1,Haridwar,2026-07-29 22:01:49,7.37,23.84,8.72,10.93,132.86,213.14,1.15,3.56
1,Haridwar,2026-07-30 04:01:49,7.9,24.68,8.19,12.55,111.82,182.98,1.78,7.97
1,Haridwar,2026-07-30 10:01:49,7.52,18.83,8.67,13.48,142.87,223.21,1.0,3.9
1,Haridwar,2026-07-30 16:01:49,7.84,24.31,8.35,8.96,150.8,228.69,1.55,4.4
1,Haridwar,2026-07-30 22:01:49,7.67,24.68,8.74,10.38,160.61,246.99,1.45,4.17
1,Haridwar,2026-07-31 04:01:49,7.68,25.39,8.7,9.11,130.53,203.17,1.31,5.91
1,Haridwar,2026-07-31 10:01:49,7.8,22.73,9.48,11.07,199.69,311.83,2.1,5.99
1,Haridwar,2026-07-31 16:01:49,7.43,20.88,9.3,7.62,166.3,261.15,1.7,7.6
1,Haridwar,2026-07-31 22:01:49,7.69,26.04,8.15,9.67,129.53,204.9,1.3,4.58
1,Haridwar,2026-08-01 04:01:49,7.87,23.56,8.69,3.8,105.16,154.83,1.77,4.92
1,Haridwar,2026-08-01 10:01:49,7.35,25.61,8.26,5.51,160.97,248.05,1.92,4.2
1,Haridwar,2026-08-01 16:01:49,7.61,22.08,9.29,8.25,110.06,170.64,1.19,3.53
1,Haridwar,2026-08-01 22:01:49,7.74,22.8,8.33,11.51,196.18,310.62,1.46,7.76
1,Haridwar,2026-08-02 04:01:49,7.7,27.98,8.27,7.65,194.02,305.91,1.56,4.84
1,Haridwar,2026-08-02 10:01:49,7.84,18.74,8.58,12.97,192.88,309.13,1.5,4.54
1,Haridwar,2026-08-02 16:01:49,7.48,18.06,9.15,10.1,174.42,271.27,1.07,5.48
1,Haridwar,2026-08-02 22:01:49,7.77,25.68,9.38,5.49,161.21,254.57,1.72,3.93
1,Haridwar,2026-08-03 04:01:49,7.56,24.56,8.94,8.11,131.5,203.86,1.33,6.12
1,Haridwar,2026-08-03 10:01:49,7.56,22.1,8.63,7.25,192.35,298.83,1.3,5.96
1,Haridwar,2026-08-03 16:01:49,7.36,27.46,9.36,5.92,106.77,175.76,1.88,7.97
1,Haridwar,2026-08-03 22:01:49,7.73,24.01,8.17,3.29,137.3,216.37,1.34,5.65
1,Haridwar,2026-08-04 04:01:49,7.82,20.43,8.23,6.62,166.62,261.17,1.61,4.43
1,Haridwar,2026-08-04 10:01:49,7.49,19.03,9.26,7.01,128.51,194.68,1.8,6.43
1,Haridwar,2026-08-04 16:01:49,7.45,25.59,8.17,8.73,136.01,218.89,2.16,6.77
1,Haridwar,2026-08-04 22:01:49,7.64,19.4,8.16,12.11,113.86,170.87,1.65,3.6
1,Haridwar,2026-08-05 04:01:49,7.75,20.11,8.04,3.64,127.68,191.82,1.02,5.14
1,Haridwar,2026-08-05 10:01:49,7.78,27.01,8.37,12.43,172.09,262.12,2.07,6.26
1,Haridwar,2026-08-05 16:01:49,7.58,22.69,8.35,7.03,110.13,175.03,1.97,3.7
1,Haridwar,2026-08-05 22:01:49,7.64,28.12,8.38,13.74,106.28,166.18,1.34,3.36
1,Haridwar,2026-08-06 04:01:49,7.61,25.88,9.23,8.21,111.92,171.93,1.35,6.26
1,Haridwar,2026-08-06 10:01:49,7.35,22.48,9.08,8.38,101.9,164.07,1.1,6.33
1,Haridwar,2026-08-06 16:01:49,7.81,20.58,9.04,8.06,155.45,249.59,1.37,4.28
1,Haridwar,2026-08-06 22:01:49,7.9,23.93,8.52,7.46,156.85,237.6,2.18,5.04
1,Haridwar,2026-08-07 04:01:49,7.68,23.41,8.28,11.25,154.66,234.05,1.36,5.97
1,Haridwar,2026-08-07 10:01:49,7.88,21.72,8.29,8.21,120.35,192.04,1.07,7.71
1,Haridwar,2026-08-07 16:01:49,7.88,19.59,9.36,10.56,110.16,163.8,1.6,3.69
1,Haridwar,2026-08-07 22:01:49,7.86,28.5,8.24,7.05,136.91,216.27,2.18,7.15
1,Haridwar,2026-08-08 04:01:49,7.31,26.5,8.03,10.68,111.26,179.24,2.16,5.18
1,Haridwar,2026-08-08 10:01:49,7.34,24.55,8.52,7.01,138.53,214.83,1.54,4.67
1,Haridwar,2026-08-08 16:01:49,7.84,25.53,8.86,8.75,174.8,279.72,2.13,7.96
1,Haridwar,2026-08-08 22:01:49,7.57,19.8,8.39,4.55,199.27,314.81,1.35,7.71
1,Haridwar,2026-08-09 04:01:49,7.73,18.25,8.42,11.91,101.74,159.86,1.49,3.88
1,Haridwar,2026-08-09 10:01:49,7.84,27.42,9.43,8.08,190.45,303.87,1.43,3.46
1,Haridwar,2026-08-09 16:01:49,7.5,20.9,8.13,9.65,177.86,275.12,1.31,6.64
1,Haridwar,2026-08-09 22:01:49,7.34,20.82,8.71,13.14,104.75,166.14,1.85,4.3
1,Haridwar,2026-08-10 04:01:49,7.67,20.5,8.33,8.75,173.7,279.43,1.25,5.84
1,Haridwar,2026-08-10 10:01:49,7.62,27.5,9.24,5.19,183.89,291.53,1.09,4.42
1,Haridwar,2026-08-10 16:01:49,7.8,19.94,9.43,10.55,160.21,250.53,1.34,7.41
1,Haridwar,2026-08-10 22:01:49,7.43,23.18,9.24,10.5,194.8,300.17,1.26,5.23
1,Haridwar,2026-08-11 04:01:49,7.71,24.05,9.29,9.9,163.37,256.44,1.81,7.58
1,Haridwar,2026-08-11 10:01:49,7.88,21.4,8.8,7.75,139.26,216.19,1.79,5.26
1,Haridwar,2026-08-11 16:01:49,7.51,27.45,8.19,13.87,101.15,162.1,1.71,5.05
1,Haridwar,2026-08-11 22:01:49,7.36,26.21,9.12,3.49,196.63,303.98,1.74,3.57
1,Haridwar,2026-08-12 04:01:49,7.75,24.45,8.77,7.24,174.6,267.32,2.16,6.36
1,Haridwar,2026-08-12 10:01:49,7.33,27.4,8.5,3.75,176.15,275.05,1.93,3.54
1,Haridwar,2026-08-12 16:01:49,7.82,28.39,9.02,5.92,189.69,305.19,1.3,4.61
1,Haridwar,2026-08-12 22:01:49,7.89,20.77,8.54,13.54,137.79,212.21,1.42,6.32
1,Haridwar,2026-08-13 04:01:49,7.64,26.71,8.79,3.42,123.16,195.88,1.95,6.32
1,Haridwar,2026-08-13 10:01:49,7.47,18.98,8.69,11.36,180.04,288.95,2.15,4.75
1,Haridwar,2026-08-13 16:01:49,7.38,20.98,9.23,5.12,136.89,219.55,1.24,3.81
1,Haridwar,2026-08-13 22:01:49,7.39,19.47,8.84,10.55,130.31,201.77,1.6,5.76
1,Haridwar,2026-08-14 04:01:49,7.61,24.27,8.31,9.37,108.77,166.4,1.49,7.1
1,Haridwar,2026-08-14 10:01:49,7.74,24.46,9.26,12.48,137.48,208.22,1.44,7.63
1,Haridwar,2026-08-14 16:01:49,7.76,18.48,8.54,10.38,138.69,209.49,1.41,7.2
1,Haridwar,2026-08-14 22:01:49,7.75,21.21,9.35,11.94,149.93,230.98,1.4,6.07
1,Haridwar,2026-08-15 04:01:49,7.42,19.68,9.04,12.18,192.91,310.34,1.87,3.4
1,Haridwar,2026-08-15 10:01:49,7.58,25.53,9.48,10.41,147.09,227.03,1.37,7.52
2,Rishikesh,2026-07-21 16:01:49,7.92,22.36,8.69,7.59,129.91,206.16,1.38,2.75
2,Rishikesh,2026-07-21 22:01:49,7.79,25.67,9.32,6.79,110.51,166.73,1.27,3.02
2,Rishikesh,2026-07-22 04:01:49,7.53,19.31,8.48,2.78,124.05,196.83,1.15,3.92
2,Rishikesh,2026-07-22 10:01:49,7.52,25.65,8.76,6.82,143.38,220.4,1.76,4.32
2,Rishikesh,2026-07-22 16:01:49,7.8,27.07,9.3,8.55,112.1,178.04,1.6,5.55
2,Rishikesh,2026-07-22 22:01:49,7.71,26.38,8.7,9.36,125.4,195.75,1.79,3.13
2,Rishikesh,2026-07-23 04:01:49,7.62,20.52,9.24,3.18,101.66,159.23,1.4,5.59
2,Rishikesh,2026-07-23 10:01:49,7.84,27.77,8.21,3.99,176.11,274.2,1.24,2.8
2,Rishikesh,2026-07-23 16:01:49,7.61,19.42,9.03,9.1,131.0,197.45,1.14,4.2
2,Rishikesh,2026-07-23 22:01:49,7.9,22.17,9.36,8.99,169.19,254.43,1.75,5.47
2,Rishikesh,2026-07-24 04:01:49,7.78,22.24,8.27,2.74,124.05,185.74,1.78,4.51
2,Rishikesh,2026-07-24 10:01:49,7.79,23.35,9.42,3.2,94.66,144.2,1.73,3.21
2,Rishikesh,2026-07-24 16:01:49,7.7,22.71,8.47,9.34,169.81,254.99,1.64,4.54
2,Rishikesh,2026-07-24 22:01:49,7.42,27.76,8.44,9.95,90.48,136.0,1.24,5.08
2,Rishikesh,2026-07-25 04:01:49,7.47,28.05,9.42,5.53,95.48,156.75,1.56,5.78
2,Rishikesh,2026-07-25 10:01:49,7.44,27.78,9.45,3.12,100.87,163.73,1.22,3.05
2,Rishikesh,2026-07-25 16:01:49,7.54,24.0,8.6,4.12,109.33,162.21,1.34,5.69
2,Rishikesh,2026-07-25 22:01:49,7.92,23.69,8.9,9.92,116.09,173.97,1.14,4.19
2,Rishikesh,2026-07-26 04:01:49,7.83,23.82,9.59,9.64,108.82,177.87,1.51,3.85
2,Rishikesh,2026-07-26 10:01:49,7.91,27.12,8.88,7.6,142.64,218.86,1.01,3.43
2,Rishikesh,2026-07-26 16:01:49,7.85,27.93,8.42,8.78,119.44,191.26,1.12,3.23
2,Rishikesh,2026-07-26 22:01:49,7.81,19.37,8.88,7.46,167.78,263.19,1.41,3.9
2,Rishikesh,2026-07-27 04:01:49,7.46,19.72,9.08,2.4,100.89,160.97,1.01,5.69
2,Rishikesh,2026-07-27 10:01:49,7.58,24.37,9.05,8.3,167.78,259.12,1.35,4.8
2,Rishikesh,2026-07-27 16:01:49,7.75,22.79,8.97,8.13,98.59,151.94,0.87,2.87
2,Rishikesh,2026-07-27 22:01:49,7.84,18.64,9.53,7.77,118.17,181.67,1.79,5.22
2,Rishikesh,2026-07-28 04:01:49,7.83,26.34,8.77,9.87,141.36,225.88,1.01,4.15
2,Rishikesh,2026-07-28 10:01:49,7.42,21.55,9.56,7.14,173.1,272.24,1.78,3.52
2,Rishikesh,2026-07-28 16:01:49,7.61,23.24,8.56,2.51,106.59,157.79,1.58,2.89
2,Rishikesh,2026-07-28 22:01:49,7.62,19.24,8.45,6.69,152.92,245.36,0.85,5.15
2,Rishikesh,2026-07-29 04:01:49,7.47,22.8,8.63,7.76,144.01,218.64,1.71,4.8
2,Rishikesh,2026-07-29 10:01:49,7.97,19.7,8.84,7.76,111.56,177.89,0.97,2.6
2,Rishikesh,2026-07-29 16:01:49,7.61,24.04,8.72,3.5,119.04,188.98,1.47,4.01
2,Rishikesh,2026-07-29 22:01:49,7.51,20.49,9.71,3.85,174.34,279.84,1.63,2.95
2,Rishikesh,2026-07-30 04:01:49,7.91,20.9,8.91,5.83,98.29,158.62,1.04,3.83
2,Rishikesh,2026-07-30 10:01:49,7.52,24.84,9.33,8.11,100.08,152.3,0.98,4.25
2,Rishikesh,2026-07-30 16:01:49,7.42,27.5,8.66,4.89,154.07,238.94,1.42,4.8
2,Rishikesh,2026-07-30 22:01:49,7.43,19.6,8.87,6.13,123.5,195.85,1.34,4.77
2,Rishikesh,2026-07-31 04:01:49,7.97,20.54,9.56,9.03,146.11,227.9,1.05,4.53
2,Rishikesh,2026-07-31 10:01:49,7.78,21.0,8.67,9.62,174.59,281.55,1.07,3.7
2,Rishikesh,2026-07-31 16:01:49,7.51,25.53,8.83,8.89,146.14,229.1,1.5,4.82
2,Rishikesh,2026-07-31 22:01:49,7.54,23.54,8.51,4.85,115.61,175.6,0.86,5.92
2,Rishikesh,2026-08-01 04:01:49,7.78,24.47,9.53,6.87,104.77,167.44,0.92,5.91
2,Rishikesh,2026-08-01 10:01:49,7.46,23.32,9.61,8.96,161.52,248.41,1.77,4.57
2,Rishikesh,2026-08-01 16:01:49,7.89,21.27,9.66,5.13,113.31,185.82,1.67,5.94
2,Rishikesh,2026-08-01 22:01:49,7.96,26.49,9.37,2.01,172.52,263.37,1.66,4.64
2,Rishikesh,2026-08-02 04:01:49,7.92,24.23,8.54,5.54,146.81,222.08,1.12,5.58
2,Rishikesh,2026-08-02 10:01:49,7.54,18.04,8.42,9.53,143.1,216.01,1.38,2.62
2,Rishikesh,2026-08-02 16:01:49,7.76,24.15,8.28,7.97,121.33,190.59,1.61,3.35
2,Rishikesh,2026-08-02 22:01:49,7.86,28.41,8.44,7.88,179.63,285.97,0.89,5.78
2,Rishikesh,2026-08-03 04:01:49,7.66,22.58,9.62,7.06,179.7,289.43,1.42,4.0
2,Rishikesh,2026-08-03 10:01:49,7.81,21.42,9.28,6.2,168.94,258.25,1.09,5.0
2,Rishikesh,2026-08-03 16:01:49,7.64,25.66,9.07,6.19,124.96,187.88,1.21,2.75
2,Rishikesh,2026-08-03 22:01:49,7.83,26.44,9.18,2.1,136.02,221.16,1.33,4.17
2,Rishikesh,2026-08-04 04:01:49,7.97,27.07,8.63,5.4,110.62,172.67,1.29,3.65
2,Rishikesh,2026-08-04 10:01:49,7.68,26.65,9.32,4.3,98.7,151.09,1.6,5.79
2,Rishikesh,2026-08-04 16:01:49,7.67,18.47,9.18,3.44,116.77,178.8,1.12,5.54
2,Rishikesh,2026-08-04 22:01:49,7.82,18.94,9.8,5.33,136.69,218.02,1.24,3.63
2,Rishikesh,2026-08-05 04:01:49,7.53,22.47,9.79,6.3,132.98,216.96,0.97,5.5
2,Rishikesh,2026-08-05 10:01:49,7.44,20.27,9.28,6.84,178.86,288.72,1.5,3.0
2,Rishikesh,2026-08-05 16:01:49,7.44,27.26,9.23,2.26,171.91,277.7,1.66,4.92
2,Rishikesh,2026-08-05 22:01:49,7.94,22.96,8.97,5.58,168.75,261.07,1.42,2.87
2,Rishikesh,2026-08-06 04:01:49,7.74,20.61,8.29,4.47,95.61,140.96,1.15,5.93
2,Rishikesh,2026-08-06 10:01:49,7.64,24.56,8.63,8.31,98.35,156.11,1.11,5.44
2,Rishikesh,2026-08-06 16:01:49,7.62,27.44,9.03,7.37,101.15,155.34,1.17,3.6
2,Rishikesh,2026-08-06 22:01:49,7.86,18.32,8.39,8.53,178.41,270.55,1.45,3.98
2,Rishikesh,2026-08-07 04:01:49,7.71,21.16,9.51,6.16,139.28,214.14,1.56,5.52
2,Rishikesh,2026-08-07 10:01:49,7.63,23.74,9.11,7.35,179.88,284.42,1.13,2.53
2,Rishikesh,2026-08-07 16:01:49,7.86,25.1,9.21,4.0,160.99,258.52,1.7,2.51
2,Rishikesh,2026-08-07 22:01:49,7.67,19.35,8.4,8.52,128.23,208.98,1.23,3.27
2,Rishikesh,2026-08-08 04:01:49,7.52,18.03,8.72,6.67,93.51,143.59,0.92,5.45
2,Rishikesh,2026-08-08 10:01:49,7.5,18.97,9.51,9.91,162.77,258.39,1.45,5.27
2,Rishikesh,2026-08-08 16:01:49,7.75,21.39,8.66,7.59,113.59,174.64,1.31,4.08
2,Rishikesh,2026-08-08 22:01:49,7.7,20.67,8.31,6.77,114.29,179.4,1.14,4.54
2,Rishikesh,2026-08-09 04:01:49,7.62,23.72,9.32,5.83,129.67,198.4,1.74,3.43
2,Rishikesh,2026-08-09 10:01:49,7.95,25.74,9.1,5.74,91.72,150.34,1.14,3.18
2,Rishikesh,2026-08-09 16:01:49,7.94,22.87,8.59,5.02,173.64,272.18,1.0,5.75
2,Rishikesh,2026-08-09 22:01:49,7.75,22.6,8.57,3.81,162.02,249.15,0.95,3.77
2,Rishikesh,2026-08-10 04:01:49,7.69,27.04,9.13,8.91,157.69,243.87,1.03,5.33
2,Rishikesh,2026-08-10 10:01:49,7.76,20.81,8.23,6.85,105.19,164.69,1.07,5.26
2,Rishikesh,2026-08-10 16:01:49,7.53,27.33,8.95,2.69,168.15,269.5,0.97,4.05
2,Rishikesh,2026-08-10 22:01:49,7.41,21.0,9.66,4.37,112.04,175.57,1.64,5.01
2,Rishikesh,2026-08-11 04:01:49,7.98,18.63,8.35,8.59,106.37,159.73,1.36,5.7
2,Rishikesh,2026-08-11 10:01:49,7.77,25.19,9.19,8.24,122.78,181.94,1.51,4.45
2,Rishikesh,2026-08-11 16:01:49,7.51,18.27,8.52,2.09,173.96,267.61,1.18,3.73
2,Rishikesh,2026-08-11 22:01:49,7.41,26.64,8.78,8.96,132.65,215.71,1.28,4.45
2,Rishikesh,2026-08-12 04:01:49,7.9,18.95,9.14,4.82,158.5,240.12,0.92,4.34
2,Rishikesh,2026-08-12 10:01:49,7.45,28.06,9.5,8.17,167.3,265.98,1.5,5.17
2,Rishikesh,2026-08-12 16:01:49,7.5,26.26,9.1,8.41,143.96,220.17,0.96,3.59
2,Rishikesh,2026-08-12 22:01:49,7.49,18.57,9.61,6.35,140.52,222.44,1.01,3.46
2,Rishikesh,2026-08-13 04:01:49,7.61,19.23,9.48,6.74,103.85,162.81,1.12,2.66
2,Rishikesh,2026-08-13 10:01:49,7.83,26.89,8.57,4.63,91.67,147.68,1.56,4.79
2,Rishikesh,2026-08-13 16:01:49,7.62,18.2,9.5,3.17,140.45,218.9,1.62,4.11
2,Rishikesh,2026-08-13 22:01:49,7.5,24.41,8.29,10.0,99.13,162.01,1.15,4.0
2,Rishikesh,2026-08-14 04:01:49,7.93,27.21,9.04,5.97,173.63,268.53,1.64,5.19
2,Rishikesh,2026-08-14 10:01:49,7.52,21.39,9.01,2.86,130.9,209.14,0.81,2.71
2,Rishikesh,2026-08-14 16:01:49,7.41,27.73,9.54,8.67,137.15,223.17,1.35,5.51
2,Rishikesh,2026-08-14 22:01:49,7.92,27.41,8.26,8.96,175.93,278.51,1.21,5.98
2,Rishikesh,2026-08-15 04:01:49,7.46,22.37,8.36,9.67,100.56,148.37,1.08,5.57
2,Rishikesh,2026-08-15 10:01:49,7.47,27.82,8.44,3.3,156.5,250.52,0.96,5.9
3,Kanpur,2026-07-21 16:01:49,7.81,24.5,5.37,51.93,439.46,686.73,5.47,33.62
3,Kanpur,2026-07-21 22:01:49,8.57,18.07,4.43,63.96,468.82,727.86,6.86,33.76
3,Kanpur,2026-07-22 04:01:49,7.95,21.89,3.67,31.45,679.33,1062.09,12.46,18.45
3,Kanpur,2026-07-22 10:01:49,8.1,27.6,5.54,61.76,535.44,831.56,10.73,30.47
3,Kanpur,2026-07-22 16:01:49,7.01,22.69,5.74,39.15,548.9,864.52,9.63,28.64
3,Kanpur,2026-07-22 22:01:49,8.09,21.49,3.68,54.24,458.38,705.76,5.48,31.8
3,Kanpur,2026-07-23 04:01:49,7.67,20.04,3.73,59.33,414.78,649.87,11.29,18.72
3,Kanpur,2026-07-23 10:01:49,7.04,20.63,4.8,38.4,399.96,618.88,10.5,32.87
3,Kanpur,2026-07-23 16:01:49,7.22,22.97,3.81,36.86,381.52,597.53,11.03,41.49
3,Kanpur,2026-07-23 22:01:49,8.39,18.93,4.42,54.14,387.83,595.09,8.63,28.78
3,Kanpur,2026-07-24 04:01:49,7.87,20.04,3.47,53.48,554.73,869.87,11.09,44.16
3,Kanpur,2026-07-24 10:01:49,7.04,19.91,3.68,54.54,553.12,853.97,10.32,42.11
3,Kanpur,2026-07-24 16:01:49,8.21,18.61,4.49,45.48,590.6,915.6,7.62,31.72
3,Kanpur,2026-07-24 22:01:49,7.72,19.64,5.49,44.15,563.76,877.56,6.62,40.11
3,Kanpur,2026-07-25 04:01:49,7.04,18.95,5.07,71.99,448.68,704.5,9.31,44.59
3,Kanpur,2026-07-25 10:01:49,7.5,18.6,3.36,68.11,594.01,934.39,6.47,25.85
3,Kanpur,2026-07-25 16:01:49,6.75,20.46,3.35,74.13,418.18,648.56,6.63,35.44
3,Kanpur,2026-07-25 22:01:49,8.57,25.38,4.58,28.31,528.86,829.72,10.53,37.66
3,Kanpur,2026-07-26 04:01:49,6.74,23.02,3.3,60.46,391.15,610.41,5.72,41.99
3,Kanpur,2026-07-26 10:01:49,8.12,23.62,3.59,35.06,435.46,681.53,8.95,21.71
3,Kanpur,2026-07-26 16:01:49,7.73,23.61,3.65,51.2,603.54,935.97,8.62,34.3
3,Kanpur,2026-07-26 22:01:49,6.97,26.2,5.7,26.28,637.38,987.93,11.0,32.61
3,Kanpur,2026-07-27 04:01:49,7.43,24.33,5.25,41.41,628.27,977.15,8.31,33.94
3,Kanpur,2026-07-27 10:01:49,6.97,22.63,3.57,49.58,612.26,956.3,6.11,39.54
3,Kanpur,2026-07-27 16:01:49,7.25,26.08,4.18,32.92,471.94,741.88,5.12,29.59
3,Kanpur,2026-07-27 22:01:49,6.89,21.16,3.86,39.96,647.53,1013.19,9.05,26.8
3,Kanpur,2026-07-28 04:01:49,6.88,24.87,4.0,58.04,651.28,1008.95,5.46,20.77
3,Kanpur,2026-07-28 10:01:49,8.26,22.87,5.55,72.26,572.24,891.79,8.0,42.96
3,Kanpur,2026-07-28 16:01:49,8.21,19.81,4.97,69.03,442.11,681.72,5.08,44.69
3,Kanpur,2026-07-28 22:01:49,6.99,22.0,4.0,43.76,620.7,977.38,10.86,34.31
3,Kanpur,2026-07-29 04:01:49,7.11,28.29,4.43,26.92,628.7,990.64,7.68,42.04
3,Kanpur,2026-07-29 10:01:49,7.0,25.22,4.6,40.32,454.43,702.39,9.42,24.06
3,Kanpur,2026-07-29 16:01:49,7.74,23.86,5.15,53.75,608.65,957.14,6.12,41.78
3,Kanpur,2026-07-29 22:01:49,7.96,21.65,4.07,38.51,536.41,835.18,12.11,20.93
3,Kanpur,2026-07-30 04:01:49,6.94,19.27,4.85,64.68,645.71,997.87,6.39,27.88
3,Kanpur,2026-07-30 10:01:49,8.31,25.71,3.91,41.14,626.75,973.36,5.2,43.87
3,Kanpur,2026-07-30 16:01:49,8.21,22.84,5.13,41.9,457.55,705.46,5.87,38.14
3,Kanpur,2026-07-30 22:01:49,8.13,18.45,4.18,27.39,508.89,803.25,9.88,43.83
3,Kanpur,2026-07-31 04:01:49,6.82,18.22,3.61,61.28,575.77,905.14,11.42,26.97
3,Kanpur,2026-07-31 10:01:49,6.84,18.11,3.68,35.24,523.78,812.88,6.03,20.73
3,Kanpur,2026-07-31 16:01:49,6.85,21.89,5.21,60.82,552.68,855.01,8.47,41.96
3,Kanpur,2026-07-31 22:01:49,6.74,26.38,4.33,49.11,585.04,911.97,6.82,37.95
3,Kanpur,2026-08-01 04:01:49,7.26,22.38,5.32,46.3,569.47,881.89,12.21,38.99
3,Kanpur,2026-08-01 10:01:49,8.01,28.31,5.13,30.16,402.08,629.73,7.34,41.58
3,Kanpur,2026-08-01 16:01:49,7.36,20.95,5.03,66.98,490.89,774.63,5.87,30.56
3,Kanpur,2026-08-01 22:01:49,8.46,19.93,3.49,39.16,530.15,822.92,6.26,40.98
3,Kanpur,2026-08-02 04:01:49,7.33,18.42,5.02,41.33,656.61,1019.2,10.39,18.49
3,Kanpur,2026-08-02 10:01:49,8.5,26.93,4.0,44.39,492.16,763.58,7.27,41.56
3,Kanpur,2026-08-02 16:01:49,7.09,21.33,4.01,71.3,540.09,848.23,9.11,21.16
3,Kanpur,2026-08-02 22:01:49,8.2,20.71,4.05,70.19,407.44,630.85,9.35,34.43
3,Kanpur,2026-08-03 04:01:49,7.49,24.58,5.46,64.1,445.79,686.2,10.28,35.75
3,Kanpur,2026-08-03 10:01:49,6.76,21.45,3.66,63.71,528.21,826.92,6.76,22.33
3,Kanpur,2026-08-03 16:01:49,7.91,25.12,4.47,63.12,381.36,603.43,9.09,31.58
3,Kanpur,2026-08-03 22:01:49,7.47,21.58,5.19,63.22,489.81,758.18,10.6,31.78
3,Kanpur,2026-08-04 04:01:49,7.15,24.8,3.78,66.97,540.08,839.72,12.36,22.29
3,Kanpur,2026-08-04 10:01:49,7.61,22.86,3.46,25.12,622.45,975.83,10.88,42.56
3,Kanpur,2026-08-04 16:01:49,7.79,23.35,5.41,74.45,384.81,599.13,8.46,21.04
3,Kanpur,2026-08-04 22:01:49,7.97,20.3,4.43,74.24,394.11,624.0,8.7,24.47
3,Kanpur,2026-08-05 04:01:49,7.21,20.81,4.96,54.84,608.58,942.81,5.85,42.87
3,Kanpur,2026-08-05 10:01:49,7.45,25.16,4.53,25.76,565.33,872.07,8.4,39.33
3,Kanpur,2026-08-05 16:01:49,7.98,27.46,3.83,55.73,509.17,803.72,6.29,41.65
3,Kanpur,2026-08-05 22:01:49,7.08,18.21,4.34,74.38,580.43,896.5,6.55,21.73
3,Kanpur,2026-08-06 04:01:49,8.06,26.09,4.31,43.86,405.6,636.67,9.31,38.01
3,Kanpur,2026-08-06 10:01:49,8.21,25.64,4.14,74.64,461.76,722.83,6.19,40.08
3,Kanpur,2026-08-06 16:01:49,7.31,18.38,4.02,52.71,448.04,707.34,9.06,23.46
3,Kanpur,2026-08-06 22:01:49,7.81,21.65,4.43,65.64,415.15,651.99,5.46,44.88
3,Kanpur,2026-08-07 04:01:49,8.18,28.03,3.44,68.17,509.03,803.71,5.83,42.34
3,Kanpur,2026-08-07 10:01:49,8.0,27.3,4.45,54.51,409.48,643.49,12.13,43.74
3,Kanpur,2026-08-07 16:01:49,7.04,22.71,3.53,41.62,620.44,971.72,9.93,44.88
3,Kanpur,2026-08-07 22:01:49,7.03,21.48,3.36,48.05,528.24,824.43,7.89,26.23
3,Kanpur,2026-08-08 04:01:49,7.04,25.71,4.64,34.79,466.16,719.87,8.28,20.59
3,Kanpur,2026-08-08 10:01:49,7.35,27.31,4.61,64.31,552.31,865.04,5.76,38.07
3,Kanpur,2026-08-08 16:01:49,8.44,18.79,4.39,44.6,545.23,857.18,8.29,27.16
3,Kanpur,2026-08-08 22:01:49,8.14,26.65,4.52,63.07,528.71,821.77,8.35,32.06
3,Kanpur,2026-08-09 04:01:49,8.19,27.54,5.52,41.87,536.71,845.84,6.1,39.58
3,Kanpur,2026-08-09 10:01:49,8.56,23.49,3.24,27.89,531.33,829.93,11.12,42.97
3,Kanpur,2026-08-09 16:01:49,8.07,19.96,3.42,36.07,607.63,955.31,8.78,21.91
3,Kanpur,2026-08-09 22:01:49,7.01,19.44,3.2,27.17,422.44,668.94,8.38,27.92
3,Kanpur,2026-08-10 04:01:49,7.64,25.6,3.42,47.39,632.97,989.01,5.57,38.72
3,Kanpur,2026-08-10 10:01:49,8.56,26.45,3.96,74.93,402.51,619.47,10.72,36.33
3,Kanpur,2026-08-10 16:01:49,7.25,20.04,5.08,25.96,482.81,745.99,10.38,36.64
3,Kanpur,2026-08-10 22:01:49,8.25,21.08,4.27,57.58,663.96,1045.41,12.03,30.26
3,Kanpur,2026-08-11 04:01:49,6.79,21.77,3.3,58.93,463.86,714.09,11.36,33.84
3,Kanpur,2026-08-11 10:01:49,8.26,27.75,3.77,64.31,387.71,596.87,7.79,21.49
3,Kanpur,2026-08-11 16:01:49,7.2,21.48,4.17,31.22,391.56,604.5,5.86,42.28
3,Kanpur,2026-08-11 22:01:49,7.08,18.39,4.58,65.53,436.58,671.65,10.1,23.52
3,Kanpur,2026-08-12 04:01:49,8.23,25.33,3.28,67.75,663.13,1032.48,9.81,39.7
3,Kanpur,2026-08-12 10:01:49,7.17,23.71,4.92,32.01,622.91,979.58,10.65,38.71
3,Kanpur,2026-08-12 16:01:49,6.89,21.14,5.48,39.41,532.57,827.8,6.73,30.34
3,Kanpur,2026-08-12 22:01:49,6.74,24.74,5.68,66.69,489.17,767.15,12.16,28.35
3,Kanpur,2026-08-13 04:01:49,7.88,20.01,5.24,73.22,602.4,939.57,6.99,38.44
3,Kanpur,2026-08-13 10:01:49,7.0,21.97,4.16,38.99,677.38,1052.38,8.67,27.78
3,Kanpur,2026-08-13 16:01:49,8.59,21.75,5.28,68.8,604.37,934.9,8.25,36.53
3,Kanpur,2026-08-13 22:01:49,7.36,21.84,3.33,31.53,609.59,950.1,11.64,26.5
3,Kanpur,2026-08-14 04:01:49,8.16,26.32,4.72,42.25,600.9,934.3,9.29,36.38
3,Kanpur,2026-08-14 10:01:49,8.42,21.06,4.49,45.79,469.53,726.35,10.57,40.66
3,Kanpur,2026-08-14 16:01:49,8.46,19.48,4.52,57.3,566.11,886.53,7.87,39.66
3,Kanpur,2026-08-14 22:01:49,7.94,21.77,3.74,54.3,530.61,823.89,10.6,36.79
3,Kanpur,2026-08-15 04:01:49,8.56,27.12,4.48,27.61,669.11,1052.38,7.68,31.87
3,Kanpur,2026-08-15 10:01:49,7.47,25.2,3.96,35.17,387.71,598.95,5.39,28.89
4,Prayagraj,2026-07-21 16:01:49,7.13,24.06,6.66,17.89,333.04,524.82,4.57,17.82
4,Prayagraj,2026-07-21 22:01:49,8.0,25.02,6.25,36.13,323.39,499.66,3.57,16.65
4,Prayagraj,2026-07-22 04:01:49,7.86,28.13,5.94,31.74,240.93,374.54,3.93,20.65
4,Prayagraj,2026-07-22 10:01:49,7.34,23.84,6.03,30.09,294.97,455.51,3.17,15.04
4,Prayagraj,2026-07-22 16:01:49,7.83,24.47,7.38,16.57,272.6,424.55,3.32,19.04
4,Prayagraj,2026-07-22 22:01:49,7.17,27.77,6.68,16.68,261.78,408.03,4.39,18.18
4,Prayagraj,2026-07-23 04:01:49,7.71,25.04,5.86,30.73,367.11,577.58,3.32,18.9
4,Prayagraj,2026-07-23 10:01:49,7.38,23.19,6.66,35.27,353.01,545.23,3.25,17.86
4,Prayagraj,2026-07-23 16:01:49,8.04,18.57,5.82,33.46,339.27,537.03,3.33,21.86
4,Prayagraj,2026-07-23 22:01:49,7.56,26.08,6.21,20.1,415.25,657.08,3.62,17.64
4,Prayagraj,2026-07-24 04:01:49,8.05,18.95,6.07,39.89,310.76,488.93,3.43,10.99
4,Prayagraj,2026-07-24 10:01:49,7.61,23.3,6.69,34.61,334.57,529.05,4.92,13.11
4,Prayagraj,2026-07-24 16:01:49,7.58,28.26,6.16,26.69,291.1,462.56,4.98,14.31
4,Prayagraj,2026-07-24 22:01:49,7.27,23.35,6.18,39.1,250.38,391.88,4.88,12.11
4,Prayagraj,2026-07-25 04:01:49,7.76,18.27,6.27,19.69,272.39,427.48,3.29,16.88
4,Prayagraj,2026-07-25 10:01:49,7.19,21.47,6.48,27.5,400.41,633.1,4.53,20.67
4,Prayagraj,2026-07-25 16:01:49,7.98,18.98,7.26,34.42,323.62,513.16,4.49,17.4
4,Prayagraj,2026-07-25 22:01:49,7.32,20.26,6.16,33.41,318.54,497.66,3.03,14.55
4,Prayagraj,2026-07-26 04:01:49,7.4,18.75,6.76,26.42,370.72,580.25,4.16,12.8
4,Prayagraj,2026-07-26 10:01:49,7.1,28.28,6.48,18.21,370.33,575.95,4.4,16.89
4,Prayagraj,2026-07-26 16:01:49,7.49,27.37,6.28,33.1,271.31,413.54,4.55,16.71
4,Prayagraj,2026-07-26 22:01:49,7.9,22.19,5.99,33.1,268.29,415.97,4.78,21.64
4,Prayagraj,2026-07-27 04:01:49,7.11,18.15,5.83,20.08,316.12,499.4,3.73,16.33
4,Prayagraj,2026-07-27 10:01:49,7.19,24.61,6.13,23.33,276.14,421.66,3.65,19.71
4,Prayagraj,2026-07-27 16:01:49,8.04,27.3,6.67,19.52,298.94,471.97,3.88,13.69
4,Prayagraj,2026-07-27 22:01:49,7.62,26.9,6.92,23.91,272.52,432.03,3.74,12.24
4,Prayagraj,2026-07-28 04:01:49,7.9,20.55,6.88,29.04,357.88,562.16,3.2,15.55
4,Prayagraj,2026-07-28 10:01:49,7.3,20.8,6.21,15.8,385.99,595.29,3.73,18.41
4,Prayagraj,2026-07-28 16:01:49,7.51,18.06,7.09,29.11,304.82,480.73,5.01,11.33
4,Prayagraj,2026-07-28 22:01:49,8.1,26.83,7.29,33.53,337.69,524.23,3.25,11.6
4,Prayagraj,2026-07-29 04:01:49,7.46,25.19,6.63,27.2,361.35,563.71,3.74,13.33
4,Prayagraj,2026-07-29 10:01:49,7.4,19.71,6.01,37.82,246.01,386.6,4.76,12.66
4,Prayagraj,2026-07-29 16:01:49,8.01,21.1,6.4,33.75,363.79,562.86,4.8,19.77
4,Prayagraj,2026-07-29 22:01:49,7.98,26.54,5.92,16.42,312.52,490.73,4.89,11.97
4,Prayagraj,2026-07-30 04:01:49,7.76,22.4,6.45,29.66,374.84,585.17,4.15,21.04
4,Prayagraj,2026-07-30 10:01:49,7.37,27.22,6.65,22.06,322.89,501.92,2.85,14.01
4,Prayagraj,2026-07-30 16:01:49,7.24,22.68,6.83,27.85,352.33,541.74,3.01,19.13
4,Prayagraj,2026-07-30 22:01:49,7.11,18.89,6.29,17.61,362.84,570.1,3.73,13.98
4,Prayagraj,2026-07-31 04:01:49,7.3,20.88,6.24,22.36,363.9,566.75,4.81,19.65
4,Prayagraj,2026-07-31 10:01:49,7.53,25.08,6.36,23.02,365.09,572.09,3.83,16.81
4,Prayagraj,2026-07-31 16:01:49,7.32,19.55,7.11,25.01,405.23,630.46,3.81,12.07
4,Prayagraj,2026-07-31 22:01:49,7.86,25.66,7.14,35.16,416.59,652.89,3.79,21.98
4,Prayagraj,2026-08-01 04:01:49,7.39,19.19,7.11,36.29,378.14,580.75,2.92,11.31
4,Prayagraj,2026-08-01 10:01:49,7.12,18.34,5.87,21.61,242.65,370.31,4.94,11.74
4,Prayagraj,2026-08-01 16:01:49,7.8,24.25,7.29,32.79,379.01,587.29,5.15,17.68
4,Prayagraj,2026-08-01 22:01:49,7.52,23.74,6.3,23.43,262.73,401.16,2.87,19.31
4,Prayagraj,2026-08-02 04:01:49,7.67,24.61,6.87,25.49,372.71,588.55,3.92,16.42
4,Prayagraj,2026-08-02 10:01:49,7.64,20.63,6.5,16.98,370.66,581.48,4.63,11.21
4,Prayagraj,2026-08-02 16:01:49,7.46,20.71,7.22,27.6,412.59,648.92,4.33,14.65
4,Prayagraj,2026-08-02 22:01:49,7.54,28.41,7.29,24.72,271.83,423.84,2.97,14.76
4,Prayagraj,2026-08-03 04:01:49,8.07,26.15,6.66,15.81,298.25,457.84,4.33,14.13
4,Prayagraj,2026-08-03 10:01:49,7.53,26.93,6.56,31.3,245.59,383.56,3.38,16.59
4,Prayagraj,2026-08-03 16:01:49,8.05,23.07,6.43,18.22,338.81,526.78,3.22,17.08
4,Prayagraj,2026-08-03 22:01:49,7.51,23.15,7.28,16.76,413.98,650.56,4.45,17.91
4,Prayagraj,2026-08-04 04:01:49,7.4,21.19,6.32,24.11,361.75,564.53,3.38,19.11
4,Prayagraj,2026-08-04 10:01:49,7.14,28.04,6.38,36.34,295.51,462.42,4.39,12.71
4,Prayagraj,2026-08-04 16:01:49,7.64,20.27,5.95,16.49,343.4,528.7,3.03,17.04
4,Prayagraj,2026-08-04 22:01:49,8.02,24.63,7.3,36.9,300.73,459.5,3.58,10.76
4,Prayagraj,2026-08-05 04:01:49,7.91,21.08,7.17,31.0,406.76,638.71,4.8,13.85
4,Prayagraj,2026-08-05 10:01:49,7.76,23.29,6.6,18.17,316.3,486.14,3.44,18.4
4,Prayagraj,2026-08-05 16:01:49,7.86,21.88,6.11,21.5,269.88,429.25,3.59,16.23
4,Prayagraj,2026-08-05 22:01:49,7.44,23.47,7.05,32.13,398.09,625.42,2.82,19.41
4,Prayagraj,2026-08-06 04:01:49,7.74,19.68,6.13,22.12,248.45,391.33,3.77,11.22
4,Prayagraj,2026-08-06 10:01:49,7.68,18.71,6.59,25.41,306.04,468.47,3.83,18.95
4,Prayagraj,2026-08-06 16:01:49,8.05,26.8,6.89,17.73,296.77,457.7,4.86,15.64
4,Prayagraj,2026-08-06 22:01:49,7.51,23.62,7.26,26.35,403.47,631.08,3.07,11.5
4,Prayagraj,2026-08-07 04:01:49,7.44,23.73,6.86,19.48,287.5,456.53,2.96,10.63
4,Prayagraj,2026-08-07 10:01:49,7.8,28.31,7.32,31.15,336.14,518.46,3.76,21.47
4,Prayagraj,2026-08-07 16:01:49,7.25,23.35,6.19,16.35,301.03,468.55,2.92,14.38
4,Prayagraj,2026-08-07 22:01:49,7.49,20.41,6.63,36.14,314.38,485.86,3.23,21.88
4,Prayagraj,2026-08-08 04:01:49,7.35,24.64,7.03,17.78,359.85,566.25,3.33,20.81
4,Prayagraj,2026-08-08 10:01:49,7.8,26.37,5.95,16.11,362.57,557.32,3.05,15.67
4,Prayagraj,2026-08-08 16:01:49,7.58,27.25,6.99,30.74,338.85,519.5,3.0,14.69
4,Prayagraj,2026-08-08 22:01:49,7.24,26.43,5.89,29.09,240.39,376.13,4.61,13.91
4,Prayagraj,2026-08-09 04:01:49,7.51,20.13,6.1,27.26,294.26,461.0,3.57,13.72
4,Prayagraj,2026-08-09 10:01:49,8.05,18.19,7.27,18.0,389.12,610.18,4.74,19.6
4,Prayagraj,2026-08-09 16:01:49,7.29,28.47,6.75,24.36,294.26,466.22,3.32,16.56
4,Prayagraj,2026-08-09 22:01:49,8.01,23.65,6.19,17.01,314.58,496.06,4.75,21.37
4,Prayagraj,2026-08-10 04:01:49,8.05,19.59,6.46,15.64,379.18,583.81,3.29,17.74
4,Prayagraj,2026-08-10 10:01:49,7.8,18.77,7.13,39.81,302.45,464.55,3.03,15.05
4,Prayagraj,2026-08-10 16:01:49,8.05,27.16,7.03,15.99,337.51,532.21,3.48,12.3
4,Prayagraj,2026-08-10 22:01:49,7.75,20.99,5.85,19.31,343.29,530.03,4.54,15.98
4,Prayagraj,2026-08-11 04:01:49,7.16,23.33,6.19,17.25,297.65,458.02,4.81,13.38
4,Prayagraj,2026-08-11 10:01:49,7.24,25.75,6.69,23.67,279.44,445.39,3.38,17.13
4,Prayagraj,2026-08-11 16:01:49,7.4,19.69,6.42,17.53,321.53,510.01,5.19,18.27
4,Prayagraj,2026-08-11 22:01:49,7.33,22.86,6.62,21.64,302.08,471.64,5.18,17.02
4,Prayagraj,2026-08-12 04:01:49,7.53,27.82,6.62,25.3,360.56,553.94,3.27,11.41
4,Prayagraj,2026-08-12 10:01:49,7.1,27.85,6.95,17.61,412.5,634.14,2.93,13.32
4,Prayagraj,2026-08-12 16:01:49,7.49,22.9,6.06,32.38,365.88,571.2,4.35,10.83
4,Prayagraj,2026-08-12 22:01:49,7.84,25.88,7.35,16.25,350.32,552.26,2.93,21.99
4,Prayagraj,2026-08-13 04:01:49,8.04,25.21,6.82,32.82,340.53,531.11,3.4,14.86
4,Prayagraj,2026-08-13 10:01:49,7.7,26.55,6.43,23.63,339.94,527.44,4.7,11.26
4,Prayagraj,2026-08-13 16:01:49,7.53,23.81,6.12,29.19,375.57,581.49,3.44,12.3
4,Prayagraj,2026-08-13 22:01:49,7.88,27.01,5.98,36.18,388.66,598.76,3.23,10.97
4,Prayagraj,2026-08-14 04:01:49,7.61,19.58,6.44,18.23,375.61,579.21,4.05,13.64
4,Prayagraj,2026-08-14 10:01:49,7.74,26.69,7.18,31.64,388.69,611.36,4.79,10.81
4,Prayagraj,2026-08-14 16:01:49,7.32,21.6,6.18,32.42,397.87,623.17,4.85,20.95
4,Prayagraj,2026-08-14 22:01:49,7.99,24.25,6.54,36.84,334.87,524.77,4.32,18.15
4,Prayagraj,2026-08-15 04:01:49,7.27,22.67,6.72,28.21,359.47,553.25,3.94,13.24
4,Prayagraj,2026-08-15 10:01:49,7.25,18.61,7.25,21.18,305.56,477.12,5.15,13.28
5,Varanasi,2026-07-21 16:01:49,7.12,25.76,6.31,21.48,514.74,811.77,8.64,28.69
5,Varanasi,2026-07-21 22:01:49,8.19,23.97,4.93,37.68,382.08,604.55,4.18,29.29
5,Varanasi,2026-07-22 04:01:49,7.49,26.59,4.36,22.51,413.21,637.62,4.62,19.33
5,Varanasi,2026-07-22 10:01:49,8.25,21.71,4.32,37.07,349.95,551.56,6.51,15.45
5,Varanasi,2026-07-22 16:01:49,7.76,24.25,6.15,23.56,313.78,479.93,6.18,24.34
5,Varanasi,2026-07-22 22:01:49,7.67,26.58,4.57,31.04,333.94,522.12,6.71,15.31
5,Varanasi,2026-07-23 04:01:49,7.22,20.49,4.24,42.32,388.89,608.74,7.11,19.68
5,Varanasi,2026-07-23 10:01:49,8.03,25.46,5.81,33.22,463.27,717.39,4.51,17.58
5,Varanasi,2026-07-23 16:01:49,7.05,26.63,5.19,51.13,354.32,553.9,4.36,22.73
5,Varanasi,2026-07-23 22:01:49,7.39,22.69,4.74,49.73,429.5,674.11,7.38,16.21
5,Varanasi,2026-07-24 04:01:49,8.28,19.78,5.98,28.58,354.41,550.03,5.36,14.45
5,Varanasi,2026-07-24 10:01:49,7.57,23.56,4.82,47.68,505.71,795.22,7.33,20.49
5,Varanasi,2026-07-24 16:01:49,8.26,18.44,6.37,36.97,406.59,628.01,7.35,31.18
5,Varanasi,2026-07-24 22:01:49,7.69,26.01,6.11,36.4,323.5,504.19,8.62,28.74
5,Varanasi,2026-07-25 04:01:49,7.22,19.0,6.33,23.65,503.51,777.92,5.94,28.68
5,Varanasi,2026-07-25 10:01:49,8.23,23.87,5.23,34.51,420.8,659.24,4.49,17.23
5,Varanasi,2026-07-25 16:01:49,7.94,27.94,4.45,35.65,375.14,584.49,8.34,23.25
5,Varanasi,2026-07-25 22:01:49,8.22,22.42,5.45,26.81,381.03,592.93,8.06,16.56
5,Varanasi,2026-07-26 04:01:49,7.25,27.31,4.71,44.9,417.81,657.4,5.74,21.95
5,Varanasi,2026-07-26 10:01:49,7.97,25.99,5.2,28.66,483.6,755.4,4.09,28.44
5,Varanasi,2026-07-26 16:01:49,7.3,18.48,5.75,43.19,502.01,789.15,3.95,27.84
5,Varanasi,2026-07-26 22:01:49,8.08,23.0,6.29,50.63,507.53,787.93,4.59,23.82
5,Varanasi,2026-07-27 04:01:49,7.73,27.68,5.05,55.73,353.26,549.3,5.84,27.31
5,Varanasi,2026-07-27 10:01:49,7.96,27.95,5.13,37.56,427.94,664.22,4.45,15.35
5,Varanasi,2026-07-27 16:01:49,7.79,20.12,4.55,22.31,431.6,673.82,6.88,19.85
5,Varanasi,2026-07-27 22:01:49,7.82,18.49,6.18,30.14,349.27,554.24,6.77,27.32
5,Varanasi,2026-07-28 04:01:49,7.61,23.61,5.32,54.52,517.46,808.22,6.93,20.44
5,Varanasi,2026-07-28 10:01:49,7.85,28.24,5.78,47.31,480.76,741.35,7.63,17.74
5,Varanasi,2026-07-28 16:01:49,7.35,18.07,5.74,41.39,481.19,746.63,7.64,17.08
5,Varanasi,2026-07-28 22:01:49,7.2,22.94,5.67,27.19,330.25,512.6,4.92,14.09
5,Varanasi,2026-07-29 04:01:49,7.2,25.29,4.66,36.69,451.2,702.25,8.52,25.22
5,Varanasi,2026-07-29 10:01:49,7.86,23.91,6.17,45.23,370.03,581.3,6.85,16.43
5,Varanasi,2026-07-29 16:01:49,7.9,28.19,4.32,44.48,510.8,797.9,5.59,16.91
5,Varanasi,2026-07-29 22:01:49,7.07,22.38,4.72,47.06,454.48,705.45,7.89,20.09
5,Varanasi,2026-07-30 04:01:49,7.8,25.36,4.27,24.57,450.13,708.23,8.26,28.83
5,Varanasi,2026-07-30 10:01:49,7.48,26.09,5.8,27.15,378.33,590.59,4.69,14.07
5,Varanasi,2026-07-30 16:01:49,8.0,23.2,5.61,24.66,438.13,679.96,5.87,18.49
5,Varanasi,2026-07-30 22:01:49,8.23,22.35,6.06,46.77,345.71,548.22,8.71,25.54
5,Varanasi,2026-07-31 04:01:49,7.49,24.8,5.14,30.39,387.54,601.53,8.62,31.73
5,Varanasi,2026-07-31 10:01:49,7.56,22.89,4.48,22.92,340.17,540.19,6.2,25.81
5,Varanasi,2026-07-31 16:01:49,8.05,22.68,4.38,49.03,313.48,479.66,7.93,30.25
5,Varanasi,2026-07-31 22:01:49,7.43,28.41,4.99,39.17,410.03,637.08,5.06,27.82
5,Varanasi,2026-08-01 04:01:49,7.63,26.09,5.31,42.5,481.92,748.38,3.93,14.73
5,Varanasi,2026-08-01 10:01:49,8.06,28.29,4.21,48.43,384.15,596.12,8.03,18.93
5,Varanasi,2026-08-01 16:01:49,7.59,28.1,4.93,53.86,397.77,629.9,5.31,16.04
5,Varanasi,2026-08-01 22:01:49,7.14,22.21,4.36,54.79,470.58,739.89,6.85,17.99
5,Varanasi,2026-08-02 04:01:49,7.04,24.5,4.31,48.21,514.06,798.94,5.38,22.65
5,Varanasi,2026-08-02 10:01:49,7.86,20.13,4.51,49.44,491.06,758.48,6.75,23.55
5,Varanasi,2026-08-02 16:01:49,7.14,21.91,4.63,41.74,491.32,773.79,5.02,28.95
5,Varanasi,2026-08-02 22:01:49,7.19,27.33,6.39,41.55,357.88,556.14,4.25,29.05
5,Varanasi,2026-08-03 04:01:49,7.65,27.25,4.77,55.12,518.48,815.18,5.87,17.52
5,Varanasi,2026-08-03 10:01:49,7.73,18.04,4.42,39.51,378.85,599.04,6.58,18.39
5,Varanasi,2026-08-03 16:01:49,8.23,21.51,5.2,39.72,407.55,633.06,6.65,18.5
5,Varanasi,2026-08-03 22:01:49,7.32,25.77,4.44,27.16,324.87,516.15,5.92,16.4
5,Varanasi,2026-08-04 04:01:49,7.62,18.04,5.34,50.12,328.96,519.64,5.29,15.7
5,Varanasi,2026-08-04 10:01:49,7.38,18.22,4.79,49.93,512.07,799.39,5.98,27.35
5,Varanasi,2026-08-04 16:01:49,7.13,27.12,5.84,43.75,511.46,795.69,4.68,30.63
5,Varanasi,2026-08-04 22:01:49,7.71,24.49,6.27,32.45,411.01,649.38,7.39,21.4
5,Varanasi,2026-08-05 04:01:49,8.29,26.54,5.42,29.35,382.57,587.44,8.17,27.98
5,Varanasi,2026-08-05 10:01:49,8.16,19.3,5.34,34.04,382.8,591.83,6.17,26.31
5,Varanasi,2026-08-05 16:01:49,8.08,23.2,5.91,30.81,315.14,493.36,5.03,31.7
5,Varanasi,2026-08-05 22:01:49,7.52,18.59,5.37,39.5,398.61,617.26,8.42,28.42
5,Varanasi,2026-08-06 04:01:49,8.22,22.81,5.58,35.84,438.86,685.86,7.4,19.02
5,Varanasi,2026-08-06 10:01:49,7.07,19.27,4.62,52.25,478.02,743.25,6.58,31.44
5,Varanasi,2026-08-06 16:01:49,7.43,19.67,6.21,49.93,395.06,608.87,5.37,26.98
5,Varanasi,2026-08-06 22:01:49,7.33,21.13,5.57,36.63,402.8,626.58,8.06,25.73
5,Varanasi,2026-08-07 04:01:49,8.28,24.43,5.62,50.9,517.6,816.4,8.69,21.96
5,Varanasi,2026-08-07 10:01:49,8.06,22.8,5.93,53.27,431.31,666.63,4.87,22.03
5,Varanasi,2026-08-07 16:01:49,7.33,20.05,5.57,54.1,338.69,531.9,4.39,16.06
5,Varanasi,2026-08-07 22:01:49,7.04,24.69,6.25,44.83,460.28,718.47,7.68,21.91
5,Varanasi,2026-08-08 04:01:49,7.56,22.82,4.49,21.22,316.1,497.79,4.45,14.85
5,Varanasi,2026-08-08 10:01:49,7.81,25.2,4.59,24.47,425.83,659.06,5.76,22.05
5,Varanasi,2026-08-08 16:01:49,7.62,18.45,6.2,34.25,425.17,657.77,6.21,22.61
5,Varanasi,2026-08-08 22:01:49,7.57,25.6,6.23,44.21,412.24,652.55,8.06,23.84
5,Varanasi,2026-08-09 04:01:49,8.07,27.71,4.94,55.65,373.7,577.01,7.67,29.82
5,Varanasi,2026-08-09 10:01:49,7.55,25.49,4.6,33.01,447.41,694.19,5.01,31.56
5,Varanasi,2026-08-09 16:01:49,7.21,24.82,5.86,52.24,372.24,583.43,5.6,16.52
5,Varanasi,2026-08-09 22:01:49,7.01,27.69,4.49,55.92,518.02,805.22,4.68,26.32
5,Varanasi,2026-08-10 04:01:49,7.89,21.15,4.49,41.83,459.97,719.23,5.98,15.14
5,Varanasi,2026-08-10 10:01:49,7.55,18.76,5.62,53.32,383.01,607.36,7.5,17.2
5,Varanasi,2026-08-10 16:01:49,7.19,26.26,4.98,40.96,425.43,668.64,4.61,19.59
5,Varanasi,2026-08-10 22:01:49,8.24,25.29,4.58,50.18,437.25,684.78,6.53,17.23
5,Varanasi,2026-08-11 04:01:49,7.36,26.65,5.35,44.72,502.63,776.18,4.23,31.59
5,Varanasi,2026-08-11 10:01:49,7.06,22.44,4.63,32.72,348.41,545.8,7.48,26.57
5,Varanasi,2026-08-11 16:01:49,8.1,27.89,4.64,55.2,378.8,594.98,7.67,16.26
5,Varanasi,2026-08-11 22:01:49,8.3,23.09,6.31,42.3,401.45,632.51,8.01,18.41
5,Varanasi,2026-08-12 04:01:49,7.35,18.82,4.82,51.52,492.99,759.18,6.61,17.48
5,Varanasi,2026-08-12 10:01:49,7.8,27.97,5.6,53.35,345.44,538.39,5.15,23.98
5,Varanasi,2026-08-12 16:01:49,8.17,20.98,5.97,26.18,397.63,627.22,7.34,28.84
5,Varanasi,2026-08-12 22:01:49,8.25,27.81,4.89,43.89,475.65,747.26,8.74,15.66
5,Varanasi,2026-08-13 04:01:49,7.37,23.65,5.08,28.62,477.25,743.06,6.4,24.71
5,Varanasi,2026-08-13 10:01:49,8.16,22.22,5.12,46.01,318.28,503.33,6.34,18.37
5,Varanasi,2026-08-13 16:01:49,7.85,22.86,4.37,21.34,326.76,514.83,6.52,14.67
5,Varanasi,2026-08-13 22:01:49,7.45,20.15,6.17,40.52,419.06,652.58,7.07,31.21
5,Varanasi,2026-08-14 04:01:49,7.2,28.35,4.26,55.15,346.44,548.17,5.94,20.12
5,Varanasi,2026-08-14 10:01:49,7.62,25.7,6.2,24.15,312.19,488.82,7.77,16.35
5,Varanasi,2026-08-14 16:01:49,7.94,25.74,4.59,43.3,427.39,671.66,4.3,31.31
5,Varanasi,2026-08-14 22:01:49,8.12,20.87,4.73,25.2,430.18,671.34,6.11,23.3
5,Varanasi,2026-08-15 04:01:49,7.13,24.27,5.79,31.76,510.88,798.12,7.45,14.28
5,Varanasi,2026-08-15 10:01:49,8.26,20.81,5.53,33.38,480.23,747.06,7.8,24.37
6,Patna,2026-07-21 16:01:49,7.93,26.34,5.46,32.01,391.22,604.18,3.53,22.52
6,Patna,2026-07-21 22:01:49,8.02,28.47,5.97,29.05,380.91,593.07,4.78,22.47
6,Patna,2026-07-22 04:01:49,7.81,26.12,6.13,33.72,403.17,628.28,6.93,20.96
6,Patna,2026-07-22 10:01:49,7.26,18.08,5.22,50.69,304.8,471.64,4.82,20.54
6,Patna,2026-07-22 16:01:49,7.12,21.78,5.58,34.41,452.52,695.99,5.56,26.57
6,Patna,2026-07-22 22:01:49,7.46,24.47,4.82,24.33,282.19,448.18,5.89,18.94
6,Patna,2026-07-23 04:01:49,7.21,20.11,6.7,31.04,437.67,673.44,5.5,27.49
6,Patna,2026-07-23 10:01:49,7.19,28.16,5.91,35.44,354.85,557.03,7.04,25.29
6,Patna,2026-07-23 16:01:49,7.6,18.12,6.35,47.91,487.53,757.57,6.44,14.96
6,Patna,2026-07-23 22:01:49,7.18,18.7,6.16,27.74,371.58,588.56,3.63,21.55
6,Patna,2026-07-24 04:01:49,7.71,22.65,5.13,51.58,394.7,614.01,7.18,26.73
6,Patna,2026-07-24 10:01:49,7.15,25.6,6.56,50.62,424.88,655.2,6.02,24.29
6,Patna,2026-07-24 16:01:49,7.19,24.67,5.82,46.62,451.83,705.84,4.12,12.72
6,Patna,2026-07-24 22:01:49,7.99,20.6,5.14,24.45,410.17,644.75,4.63,23.09
6,Patna,2026-07-25 04:01:49,7.3,19.52,5.42,33.75,482.68,756.21,5.36,12.78
6,Patna,2026-07-25 10:01:49,7.75,22.36,5.31,39.23,347.87,537.59,5.6,13.36
6,Patna,2026-07-25 16:01:49,7.95,27.25,5.17,39.47,288.02,451.37,4.27,20.24
6,Patna,2026-07-25 22:01:49,7.44,23.32,5.13,32.52,280.59,429.22,3.89,12.02
6,Patna,2026-07-26 04:01:49,7.73,19.55,6.23,44.59,316.31,485.23,6.91,12.59
6,Patna,2026-07-26 10:01:49,7.17,19.61,5.99,44.01,316.22,487.21,6.99,16.96
6,Patna,2026-07-26 16:01:49,7.65,23.03,4.83,36.21,425.84,672.07,4.54,15.23
6,Patna,2026-07-26 22:01:49,8.16,20.71,5.67,42.45,300.74,479.07,6.29,22.23
6,Patna,2026-07-27 04:01:49,8.16,22.97,6.07,44.12,280.16,437.94,4.64,16.46
6,Patna,2026-07-27 10:01:49,7.41,23.54,6.66,36.41,405.55,625.66,3.3,23.38
6,Patna,2026-07-27 16:01:49,7.15,21.87,6.05,37.32,367.25,563.88,3.49,27.78
6,Patna,2026-07-27 22:01:49,7.69,20.05,6.32,24.89,453.9,701.77,7.06,25.76
6,Patna,2026-07-28 04:01:49,7.26,21.93,5.14,33.78,364.63,577.78,6.85,24.0
6,Patna,2026-07-28 10:01:49,7.18,24.85,5.57,42.75,421.9,649.73,6.07,17.92
6,Patna,2026-07-28 16:01:49,7.33,23.95,6.53,27.52,285.8,445.48,3.39,20.55
6,Patna,2026-07-28 22:01:49,7.49,26.82,5.33,29.04,350.16,538.21,5.49,18.31
6,Patna,2026-07-29 04:01:49,7.84,21.25,4.82,31.0,282.14,443.08,7.09,23.83
6,Patna,2026-07-29 10:01:49,7.38,28.08,5.92,33.58,463.4,720.91,4.22,19.43
6,Patna,2026-07-29 16:01:49,7.6,23.11,4.83,45.92,309.34,474.04,5.83,17.74
6,Patna,2026-07-29 22:01:49,7.38,20.34,5.73,31.03,456.13,712.18,6.56,14.66
6,Patna,2026-07-30 04:01:49,7.46,27.51,5.05,49.97,344.78,541.47,6.66,23.12
6,Patna,2026-07-30 10:01:49,7.22,20.15,5.52,42.08,371.2,577.0,4.03,17.83
6,Patna,2026-07-30 16:01:49,8.05,24.3,5.42,28.43,348.95,546.91,3.52,12.05
6,Patna,2026-07-30 22:01:49,7.32,24.16,5.83,36.19,435.86,674.71,5.33,20.43
6,Patna,2026-07-31 04:01:49,7.66,18.38,6.14,27.91,453.83,715.18,5.26,12.31
6,Patna,2026-07-31 10:01:49,7.32,22.94,6.09,48.55,411.4,645.17,3.76,23.72
6,Patna,2026-07-31 16:01:49,8.2,19.06,6.27,38.19,345.27,539.8,4.1,16.63
6,Patna,2026-07-31 22:01:49,7.3,25.25,6.69,49.07,450.88,711.71,4.23,13.93
6,Patna,2026-08-01 04:01:49,7.39,20.54,6.52,32.21,284.19,450.14,6.91,26.16
6,Patna,2026-08-01 10:01:49,7.51,25.77,5.23,31.47,450.58,702.2,4.23,26.25
6,Patna,2026-08-01 16:01:49,7.71,18.76,6.2,45.56,471.55,730.09,4.89,16.38
6,Patna,2026-08-01 22:01:49,7.31,21.95,6.44,34.51,301.67,471.98,4.43,13.91
6,Patna,2026-08-02 04:01:49,7.68,20.88,6.32,36.67,376.42,583.97,4.27,27.85
6,Patna,2026-08-02 10:01:49,8.09,20.01,4.81,24.39,462.9,726.75,6.5,26.38
6,Patna,2026-08-02 16:01:49,7.3,22.66,6.21,27.6,354.73,563.15,4.76,22.54
6,Patna,2026-08-02 22:01:49,7.98,23.12,6.24,43.21,358.07,557.3,6.47,19.38
6,Patna,2026-08-03 04:01:49,7.51,24.65,6.34,25.63,330.62,519.04,5.35,19.92
6,Patna,2026-08-03 10:01:49,7.24,25.19,5.79,44.92,290.13,453.17,6.65,24.25
6,Patna,2026-08-03 16:01:49,7.85,18.2,6.52,49.11,306.58,478.09,5.63,24.52
6,Patna,2026-08-03 22:01:49,8.1,22.79,5.7,28.83,372.2,576.62,3.38,26.38
6,Patna,2026-08-04 04:01:49,7.84,23.93,5.0,40.89,422.95,659.83,4.71,23.44
6,Patna,2026-08-04 10:01:49,7.62,25.83,5.91,28.62,282.12,441.39,6.09,27.41
6,Patna,2026-08-04 16:01:49,7.45,19.41,5.37,40.09,456.03,706.7,5.24,25.88
6,Patna,2026-08-04 22:01:49,8.02,23.57,5.95,40.8,334.02,525.7,4.78,21.94
6,Patna,2026-08-05 04:01:49,7.1,22.03,5.69,41.34,345.39,542.74,6.23,20.35
6,Patna,2026-08-05 10:01:49,7.74,26.12,5.9,38.5,346.63,532.3,6.39,23.37
6,Patna,2026-08-05 16:01:49,7.42,25.02,5.1,37.21,324.9,497.74,6.74,18.24
6,Patna,2026-08-05 22:01:49,7.29,21.02,5.35,47.61,304.84,475.35,3.71,18.52
6,Patna,2026-08-06 04:01:49,7.5,26.76,6.44,31.44,354.4,549.9,3.4,20.79
6,Patna,2026-08-06 10:01:49,7.99,24.29,6.42,48.81,413.07,644.51,5.73,13.19
6,Patna,2026-08-06 16:01:49,7.75,22.21,5.2,23.99,485.47,751.99,4.58,16.45
6,Patna,2026-08-06 22:01:49,7.39,20.63,6.0,39.17,436.51,690.5,6.48,12.02
6,Patna,2026-08-07 04:01:49,7.8,21.54,5.31,24.47,376.01,591.05,5.36,13.74
6,Patna,2026-08-07 10:01:49,8.04,23.18,4.97,46.75,436.44,686.11,6.75,27.83
6,Patna,2026-08-07 16:01:49,7.23,20.56,5.23,49.91,292.94,463.14,4.31,19.76
6,Patna,2026-08-07 22:01:49,7.79,26.12,5.66,36.4,296.64,453.52,7.09,27.24
6,Patna,2026-08-08 04:01:49,8.04,25.06,5.91,28.26,423.15,660.09,5.24,14.59
6,Patna,2026-08-08 10:01:49,7.31,18.4,5.47,35.26,312.51,484.33,6.42,25.74
6,Patna,2026-08-08 16:01:49,7.83,28.42,4.86,24.87,307.49,470.43,5.7,13.32
6,Patna,2026-08-08 22:01:49,7.57,21.7,6.19,37.58,286.15,449.36,4.13,15.3
6,Patna,2026-08-09 04:01:49,7.38,27.73,5.1,39.37,362.98,575.72,4.13,15.6
6,Patna,2026-08-09 10:01:49,7.15,27.41,5.03,29.05,305.18,483.93,3.46,15.09
6,Patna,2026-08-09 16:01:49,7.5,18.87,5.17,35.71,393.3,617.66,6.67,25.77
6,Patna,2026-08-09 22:01:49,7.3,21.81,6.36,46.76,372.89,573.2,7.07,14.71
6,Patna,2026-08-10 04:01:49,7.42,26.61,5.0,24.9,330.76,512.87,3.67,26.81
6,Patna,2026-08-10 10:01:49,7.79,28.01,5.28,37.5,417.57,644.67,3.8,24.76
6,Patna,2026-08-10 16:01:49,7.92,25.63,5.72,42.96,375.81,585.23,6.65,18.56
6,Patna,2026-08-10 22:01:49,7.35,20.85,6.04,29.5,305.71,473.79,5.1,21.81
6,Patna,2026-08-11 04:01:49,7.27,22.86,4.84,28.4,311.31,476.33,6.78,19.45
6,Patna,2026-08-11 10:01:49,7.64,27.86,5.23,44.59,473.72,742.64,4.14,17.73
6,Patna,2026-08-11 16:01:49,7.75,27.46,6.12,34.25,355.11,560.64,4.57,16.56
6,Patna,2026-08-11 22:01:49,7.14,23.84,6.14,28.29,305.46,485.34,3.72,14.53
6,Patna,2026-08-12 04:01:49,7.27,20.61,6.22,47.65,480.02,744.22,5.23,26.8
6,Patna,2026-08-12 10:01:49,7.14,23.41,5.14,24.82,391.67,609.29,3.72,19.67
6,Patna,2026-08-12 16:01:49,7.91,24.53,5.51,29.79,303.21,467.62,7.08,27.38
6,Patna,2026-08-12 22:01:49,7.76,20.22,5.5,26.94,389.57,611.13,3.51,21.75
6,Patna,2026-08-13 04:01:49,8.2,18.7,6.69,32.14,351.68,550.5,6.19,20.0
6,Patna,2026-08-13 10:01:49,7.65,26.1,5.16,40.58,337.34,535.21,3.21,20.04
6,Patna,2026-08-13 16:01:49,7.6,18.25,5.91,26.4,322.95,501.21,3.43,21.91
6,Patna,2026-08-13 22:01:49,7.69,20.86,5.63,29.93,488.96,768.79,3.63,16.31
6,Patna,2026-08-14 04:01:49,8.15,19.94,6.49,42.79,412.07,649.41,4.2,15.79
6,Patna,2026-08-14 10:01:49,7.15,20.17,6.7,34.13,488.65,762.92,6.72,19.98
6,Patna,2026-08-14 16:01:49,7.46,26.73,4.94,47.73,469.26,737.57,5.92,14.66
6,Patna,2026-08-14 22:01:49,7.9,24.41,5.04,23.95,478.86,752.86,4.04,20.01
6,Patna,2026-08-15 04:01:49,8.14,25.73,5.11,47.88,362.13,560.04,6.73,13.93
6,Patna,2026-08-15 10:01:49,7.2,20.5,5.31,51.51,283.17,434.97,7.1,22.73
